id,title,score,num_comments,author,created_utc,url,over_18,edited,spoiler,stickied
1iufve4,Just Passed the GCP Professional Data Engineer Exam. AMA!,152,35,cortrev,2025-02-21 02:13:25,https://www.reddit.com/r/dataengineering/comments/1iufve4/just_passed_the_gcp_professional_data_engineer/,False,False,False,False
1iu75id,What's your ratio of analysts to data engineers?,84,64,tatum106,2025-02-20 19:34:25,https://www.reddit.com/r/dataengineering/comments/1iu75id/whats_your_ratio_of_analysts_to_data_engineers/,False,False,False,False
1iuc9o8,Is Fundamentals of Data engineering by Joe Reis worth it?,46,24,Low_Bad_4547,2025-02-20 23:09:22,https://www.reddit.com/r/dataengineering/comments/1iuc9o8/is_fundamentals_of_data_engineering_by_joe_reis/,False,False,False,False
1iuabcg,Learning dbt,46,7,moshesham,2025-02-20 21:45:17,https://www.reddit.com/r/dataengineering/comments/1iuabcg/learning_dbt/,False,False,False,False
1iuq4az,How do you level up?,42,36,moshesham,2025-02-21 12:49:15,https://www.reddit.com/r/dataengineering/comments/1iuq4az/how_do_you_level_up/,False,False,False,False
1iu935m,What’s the Preffered CDC Pipeline Setup for a Lakehouse Architecture?,26,16,LinasData,2025-02-20 20:54:22,https://www.reddit.com/r/dataengineering/comments/1iu935m/whats_the_preffered_cdc_pipeline_setup_for_a/,False,False,False,False
1iusfny,Is web scraping a valuable skill when APIs are not available,20,17,Apart-Plankton9951,2025-02-21 14:41:00,https://www.reddit.com/r/dataengineering/comments/1iusfny/is_web_scraping_a_valuable_skill_when_apis_are/,False,False,False,False
1iu846x,How do you deal with less-techies-than-you giving you advice?,17,24,radamesort,2025-02-20 20:13:33,https://www.reddit.com/r/dataengineering/comments/1iu846x/how_do_you_deal_with_lesstechiesthanyou_giving/,False,False,False,False
1iue6kz,"Should I use Terraform, AWS CDK, or bash scripts with aws cli???",13,23,juan_berger,2025-02-21 00:53:19,https://www.reddit.com/r/dataengineering/comments/1iue6kz/should_i_use_terraform_aws_cdk_or_bash_scripts/,False,False,False,False
1iut022,How to Make Notification Emails Worth Reading. Just use AI text to speech splitscreened with Subway Surfers with that moi moi turkish song,11,3,anyfactor,2025-02-21 15:06:12,https://i.redd.it/9x6rzbkybike1.png,False,False,False,False
1iu6vot,Do you need a deep knowledge of maths to become a Data Engineer?,13,19,Ancient-Leather-1220,2025-02-20 19:23:35,https://www.reddit.com/r/dataengineering/comments/1iu6vot/do_you_need_a_deep_knowledge_of_maths_to_become_a/,False,False,False,False
1iuokn7,Can someone explain the difference between MS products & data engineering platforms?,9,4,convolutionality,2025-02-21 11:18:10,https://www.reddit.com/r/dataengineering/comments/1iuokn7/can_someone_explain_the_difference_between_ms/,False,False,False,False
1iunhpi,Thinking about containerization at my new job,8,4,Actual_Plant_862,2025-02-21 10:02:59,https://www.reddit.com/r/dataengineering/comments/1iunhpi/thinking_about_containerization_at_my_new_job/,False,False,False,False
1iuf2k2,Proper Setup,8,8,looking_for_info7654,2025-02-21 01:34:56,https://www.reddit.com/r/dataengineering/comments/1iuf2k2/proper_setup/,False,False,False,False
1iuwg0a,A Script to Find and Delete Unused Snowflake Tables without Enterprise Access History,6,0,mirasume,2025-02-21 17:30:00,https://espresso.ai/post/find-and-delete-unused-snowflake-tables-without-enterprise-access-history,False,False,False,False
1iuqhqu,What DataFrame libraris preferred for distributed Python jobs,5,6,budgefrankly,2025-02-21 13:08:35,https://www.reddit.com/r/dataengineering/comments/1iuqhqu/what_dataframe_libraris_preferred_for_distributed/,False,False,False,False
1iupepe,Azure SQL Database - Data Factory - DevOps,8,2,JakubKaczmarczyk,2025-02-21 12:09:26,https://www.reddit.com/r/dataengineering/comments/1iupepe/azure_sql_database_data_factory_devops/,False,False,False,False
1iuw1y7,What is your favorite SQL flavor?,8,35,ZambiaZigZag,2025-02-21 17:14:06,https://www.reddit.com/r/dataengineering/comments/1iuw1y7/what_is_your_favorite_sql_flavor/,False,False,False,False
1iuovvv,How do you keep data definitions consistent across systems?,5,1,Prestigious_Round285,2025-02-21 11:38:19,https://www.reddit.com/r/dataengineering/comments/1iuovvv/how_do_you_keep_data_definitions_consistent/,False,False,False,False
1iuonwv,"Do People Actually Use Delta Table CDF for Incremental Processing, or Just Track Changes with an Audit Table?",5,1,chaachans,2025-02-21 11:24:09,https://www.reddit.com/r/dataengineering/comments/1iuonwv/do_people_actually_use_delta_table_cdf_for/,False,False,False,False
1iuqubq,Best coursera courses? Need recommendations,2,6,zeni65,2025-02-21 13:26:16,https://www.reddit.com/r/dataengineering/comments/1iuqubq/best_coursera_courses_need_recommendations/,False,False,False,False
1iuo76c,How does Airbyte's new Capacity-Based Pricing really work?,3,0,seriousbear,2025-02-21 10:53:01,https://www.reddit.com/r/dataengineering/comments/1iuo76c/how_does_airbytes_new_capacitybased_pricing/,False,False,False,False
1iu7mdu,Standard Data Model Layer in Data Lake,3,0,D_A_engineer,2025-02-20 19:53:46,https://www.reddit.com/r/dataengineering/comments/1iu7mdu/standard_data_model_layer_in_data_lake/,False,False,False,False
1iuwude,Best way to document complex data storage,2,0,slippery-fische,2025-02-21 17:45:35,https://www.reddit.com/r/dataengineering/comments/1iuwude/best_way_to_document_complex_data_storage/,False,False,False,False
1iuwowo,Hireable skills,2,0,YamRepresentative855,2025-02-21 17:39:32,https://www.reddit.com/r/dataengineering/comments/1iuwowo/hireable_skills/,False,False,False,False
1iuvu8e,Google Shopping webscraping,2,0,CurrentIntrepid3005,2025-02-21 17:05:22,https://www.reddit.com/r/dataengineering/comments/1iuvu8e/google_shopping_webscraping/,False,False,False,False
1iuv75x,schemachange: Repeatable Scripts,4,0,Stock-Coffee-5019,2025-02-21 16:39:33,https://www.reddit.com/r/dataengineering/comments/1iuv75x/schemachange_repeatable_scripts/,False,False,False,False
1iuubgj,"[SQL help] Help on union tables with distinct columns, using a dynamic and scalable solution",3,5,9000HAL_,2025-02-21 16:02:40,https://www.reddit.com/r/dataengineering/comments/1iuubgj/sql_help_help_on_union_tables_with_distinct/,False,False,False,False
1iutyed,"Data Architecture, Data Management Tools and Data Platforms an attempt at clarifying this mess",3,1,Exact_Primary3306,2025-02-21 15:47:28,https://www.reddit.com/r/dataengineering/comments/1iutyed/data_architecture_data_management_tools_and_data/,False,False,False,False
1iutc00,Right data sources to simulate an E-COMMERCE website activity,2,0,nerdich,2025-02-21 15:20:40,https://www.reddit.com/r/dataengineering/comments/1iutc00/right_data_sources_to_simulate_an_ecommerce/,False,False,False,False
1iumso2,Iceberg metadata not getting updated,2,0,nalanthan,2025-02-21 09:14:10,https://www.reddit.com/r/dataengineering/comments/1iumso2/iceberg_metadata_not_getting_updated/,False,False,False,False
1iuljr5,"Jumping straight into the weeds with beam/flink and have a few stupid questions about how it works. Struggling to reason about how ""windows"" impact when steps are run in a pipeline.",2,0,kevysaysbenice,2025-02-21 07:43:45,https://www.reddit.com/r/dataengineering/comments/1iuljr5/jumping_straight_into_the_weeds_with_beamflink/,False,False,False,False
1iulh4j,My take at SCD2 in Databricks as a fresher,4,0,omghag18,2025-02-21 07:38:30,https://www.reddit.com/r/dataengineering/comments/1iulh4j/my_take_at_scd2_in_databricks_as_a_fresher/,False,False,False,False
1iubf6e,Your Job Search Experience,2,1,Hot-Year5751,2025-02-20 22:31:57,https://www.reddit.com/r/dataengineering/comments/1iubf6e/your_job_search_experience/,False,False,False,False
1iuwa85,DS vs DE,0,1,strom08,2025-02-21 17:23:29,https://www.reddit.com/r/dataengineering/comments/1iuwa85/ds_vs_de/,False,False,False,False
1iuvnza,Fastest way to become data engineer,0,5,OkAlternative1655,2025-02-21 16:58:41,https://www.reddit.com/r/dataengineering/comments/1iuvnza/fastest_way_to_become_data_engineer/,False,False,False,False
1iuse8k,What database should I use for traffic monitoring?,2,1,WelshCai,2025-02-21 14:39:13,https://www.reddit.com/r/dataengineering/comments/1iuse8k/what_database_should_i_use_for_traffic_monitoring/,False,False,False,False
1iuq4lf,Medaillon Data Lake and Three-Stage Data Warehouse?,2,1,Justwatcher124,2025-02-21 12:49:41,https://www.reddit.com/r/dataengineering/comments/1iuq4lf/medaillon_data_lake_and_threestage_data_warehouse/,False,False,False,False
1iunjhq,Best Certifications/Trainings for Data Engineering in Finance?,1,1,saradata,2025-02-21 10:06:16,https://www.reddit.com/r/dataengineering/comments/1iunjhq/best_certificationstrainings_for_data_engineering/,False,False,False,False
1iul68f,"need help with the book ""building a scalable data warehouse with data vault 2.0""",1,0,vikram_004,2025-02-21 07:16:41,https://www.reddit.com/r/dataengineering/comments/1iul68f/need_help_with_the_book_building_a_scalable_data/,False,False,False,False
1iuhobg,Can someone get into data engineering with only research experience?,1,1,guidoboyaco,2025-02-21 03:46:08,https://www.reddit.com/r/dataengineering/comments/1iuhobg/can_someone_get_into_data_engineering_with_only/,False,False,False,False
1iucddk,I need an advice.,1,1,Mother-Objective-115,2025-02-20 23:14:01,https://www.reddit.com/r/dataengineering/comments/1iucddk/i_need_an_advice/,False,False,False,False
1iu8dic,"Azure Synapse Pipeline: Multiple Notebooks vs Single, Consolidates Notebook",1,1,No_Gear6981,2025-02-20 20:24:18,https://www.reddit.com/r/dataengineering/comments/1iu8dic/azure_synapse_pipeline_multiple_notebooks_vs/,False,False,False,False
1iu6rap,Looking for GSoC Data-Related Projects to Work On,1,0,David-Log-1421,2025-02-20 19:18:49,https://www.reddit.com/r/dataengineering/comments/1iu6rap/looking_for_gsoc_datarelated_projects_to_work_on/,False,False,False,False
1iu6sdc,Fabric for an Enterprise Data Platform?,0,3,rickyF011,2025-02-20 19:20:00,https://www.reddit.com/r/dataengineering/comments/1iu6sdc/fabric_for_an_enterprise_data_platform/,False,False,False,False
1iu8sju,"Open-Source, Generative Data Quality Software. Announcing DataOps Data Quality TestGen 3.0.  Now With Actionable, Automatic, Data Quality Dashboards",0,0,botswana99,2025-02-20 20:41:44,https://info.datakitchen.io/install-dataops-data-quality-testgen-today,False,False,False,False
1iumuow,Superheroes Need Better Data—Where Are the Post-Battle Analytics?,0,1,_Gangadhar,2025-02-21 09:18:06,https://www.reddit.com/r/dataengineering/comments/1iumuow/superheroes_need_better_datawhere_are_the/,False,False,False,False
